{
    "name": "root",
    "gauges": {
        "PommermanBot.Policy.Entropy.mean": {
            "value": 1.103594183921814,
            "min": 1.011688232421875,
            "max": 1.1243457794189453,
            "count": 7
        },
        "PommermanBot.Policy.Entropy.sum": {
            "value": 16382.8564453125,
            "min": 10236.26171875,
            "max": 16982.119140625,
            "count": 7
        },
        "PommermanBot.Step.mean": {
            "value": 2789798.0,
            "min": 2699786.0,
            "max": 2789798.0,
            "count": 7
        },
        "PommermanBot.Step.sum": {
            "value": 2789798.0,
            "min": 2699786.0,
            "max": 2789798.0,
            "count": 7
        },
        "PommermanBot.Policy.ExtrinsicValueEstimate.mean": {
            "value": 1.9774911403656006,
            "min": 1.9239813089370728,
            "max": 2.314690113067627,
            "count": 7
        },
        "PommermanBot.Policy.ExtrinsicValueEstimate.sum": {
            "value": 116.6719741821289,
            "min": 99.53167724609375,
            "max": 130.5142059326172,
            "count": 7
        },
        "PommermanBot.Environment.EpisodeLength.mean": {
            "value": 11901.5,
            "min": 1007.75,
            "max": 11901.5,
            "count": 6
        },
        "PommermanBot.Environment.EpisodeLength.sum": {
            "value": 23803.0,
            "min": 3141.0,
            "max": 26625.0,
            "count": 6
        },
        "PommermanBot.Environment.CumulativeReward.mean": {
            "value": 6.51250059902668,
            "min": 6.51250059902668,
            "max": 17.325000781565905,
            "count": 6
        },
        "PommermanBot.Environment.CumulativeReward.sum": {
            "value": 13.02500119805336,
            "min": 13.02500119805336,
            "max": 82.37500409036875,
            "count": 6
        },
        "PommermanBot.Policy.ExtrinsicReward.mean": {
            "value": 6.51250059902668,
            "min": 6.51250059902668,
            "max": 17.325000781565905,
            "count": 6
        },
        "PommermanBot.Policy.ExtrinsicReward.sum": {
            "value": 13.02500119805336,
            "min": 13.02500119805336,
            "max": 82.37500409036875,
            "count": 6
        },
        "PommermanBot.IsTraining.mean": {
            "value": 1.0,
            "min": 1.0,
            "max": 1.0,
            "count": 7
        },
        "PommermanBot.IsTraining.sum": {
            "value": 1.0,
            "min": 1.0,
            "max": 1.0,
            "count": 7
        },
        "PommermanBot.Losses.PolicyLoss.mean": {
            "value": 0.017166651929728688,
            "min": 0.013337410194799304,
            "max": 0.017166651929728688,
            "count": 4
        },
        "PommermanBot.Losses.PolicyLoss.sum": {
            "value": 0.017166651929728688,
            "min": 0.013337410194799304,
            "max": 0.017166651929728688,
            "count": 4
        },
        "PommermanBot.Losses.ValueLoss.mean": {
            "value": 0.019218639992177485,
            "min": 0.019218639992177485,
            "max": 0.13350217610597612,
            "count": 4
        },
        "PommermanBot.Losses.ValueLoss.sum": {
            "value": 0.019218639992177485,
            "min": 0.019218639992177485,
            "max": 0.13350217610597612,
            "count": 4
        },
        "PommermanBot.Policy.LearningRate.mean": {
            "value": 0.00021682823772393,
            "min": 0.00021682823772393,
            "max": 0.00021868574710475999,
            "count": 4
        },
        "PommermanBot.Policy.LearningRate.sum": {
            "value": 0.00021682823772393,
            "min": 0.00021682823772393,
            "max": 0.00021868574710475999,
            "count": 4
        },
        "PommermanBot.Policy.Epsilon.mean": {
            "value": 0.136138035,
            "min": 0.136138035,
            "max": 0.13644762,
            "count": 4
        },
        "PommermanBot.Policy.Epsilon.sum": {
            "value": 0.136138035,
            "min": 0.136138035,
            "max": 0.13644762,
            "count": 4
        },
        "PommermanBot.Policy.Beta.mean": {
            "value": 0.0036165758930000002,
            "min": 0.0036165758930000002,
            "max": 0.003647472476000001,
            "count": 4
        },
        "PommermanBot.Policy.Beta.sum": {
            "value": 0.0036165758930000002,
            "min": 0.0036165758930000002,
            "max": 0.003647472476000001,
            "count": 4
        }
    },
    "metadata": {
        "timer_format_version": "0.1.0",
        "start_time_seconds": "1765794858",
        "python_version": "3.9.25 (main, Nov  3 2025, 22:44:01) [MSC v.1929 64 bit (AMD64)]",
        "command_line_arguments": "C:\\Users\\adpaw\\miniconda3\\envs\\mlagents-env\\Scripts\\mlagents-learn pommerman_config.yaml --run-id=Pommerman_Alone_NotNormalized --env=Builds/long_episode/PommermanAi.exe --time-scale=6.0 --no-graphics --resume",
        "mlagents_version": "0.30.0",
        "mlagents_envs_version": "0.30.0",
        "communication_protocol_version": "1.5.0",
        "pytorch_version": "2.8.0+cpu",
        "numpy_version": "1.21.2",
        "end_time_seconds": "1765796638"
    },
    "total": 1779.823391,
    "count": 1,
    "self": 1.703403200000139,
    "children": {
        "run_training.setup": {
            "total": 0.37774349999999934,
            "count": 1,
            "self": 0.37774349999999934
        },
        "TrainerController.start_learning": {
            "total": 1777.7422442999998,
            "count": 1,
            "self": 5.080264300030649,
            "children": {
                "TrainerController._reset_env": {
                    "total": 30.7722524,
                    "count": 1,
                    "self": 30.7722524
                },
                "TrainerController.advance": {
                    "total": 1741.1038308999691,
                    "count": 101891,
                    "self": 2.3491355999649386,
                    "children": {
                        "env_step": {
                            "total": 1738.7546953000042,
                            "count": 101891,
                            "self": 1451.79417070004,
                            "children": {
                                "SubprocessEnvManager._take_step": {
                                    "total": 284.24905469998,
                                    "count": 101891,
                                    "self": 10.743441400005509,
                                    "children": {
                                        "TorchPolicy.evaluate": {
                                            "total": 273.50561329997447,
                                            "count": 101866,
                                            "self": 273.50561329997447
                                        }
                                    }
                                },
                                "workers": {
                                    "total": 2.7114698999841593,
                                    "count": 101890,
                                    "self": 0.0,
                                    "children": {
                                        "worker_root": {
                                            "total": 1745.6144812999692,
                                            "count": 101890,
                                            "is_parallel": true,
                                            "self": 493.7984374000039,
                                            "children": {
                                                "steps_from_proto": {
                                                    "total": 0.011386999999999148,
                                                    "count": 1,