{"count":1,"self":8408.772608,"total":32193.0189081,"children":{"InitializeActuators":{"count":41280,"self":0.3347386,"total":0.3347386,"children":null},"InitializeSensors":{"count":41280,"self":0.72389229999999993,"total":0.72389229999999993,"children":null},"AgentSendState":{"count":10960861,"self":434.8647936,"total":1352.3997901,"children":{"CollectObservations":{"count":7672604,"self":692.8155648,"total":692.81554669999991,"children":null},"WriteActionMask":{"count":7672604,"self":7.8852296,"total":7.8852297,"children":null},"RequestDecision":{"count":7672604,"self":25.207657599999997,"total":216.8342075,"children":{"AgentInfo.ToProto":{"count":5480431,"self":27.216127999999998,"total":185.2254739,"children":{"GenerateSensorData":{"count":5480431,"self":137.256,"total":158.0093453,"children":{"RayPerceptionSensor.Perceive":{"count":5480431,"self":20.753342399999998,"total":20.753342099999998,"children":null}}}}},"RayPerceptionSensor.Perceive":{"count":2192173,"self":6.4010767999999993,"total":6.4010767,"children":null}}}}},"DecideAction":{"count":10960861,"self":22350.472806399997,"total":22350.472748,"children":null},"AgentAct":{"count":10960861,"self":79.4368576,"total":79.4368568,"children":null},"RayPerceptionSensor.Perceive":{"count":21702,"self":0.087354199999999993,"total":0.087354199999999993,"children":null},"AgentInfo.ToProto":{"count":23315,"self":0.1387619,"total":0.7855569,"children":{"GenerateSensorData":{"count":23315,"self":0.5685059,"total":0.646795,"children":{"RayPerceptionSensor.Perceive":{"count":23315,"self":0.0782891,"total":0.0782891,"children":null}}}}}},"gauges":{"PommermanOpp.CumulativeReward":{"count":7288,"max":14.130991,"min":-33.9287643,"runningAverage":-4.243712,"value":-13.1230173,"weightedAverage":-6.66258669},"PommermanBot.CumulativeReward":{"count":8003,"max":36.1859436,"min":-14.480072,"runningAverage":2.767922,"value":14.315,"weightedAverage":6.6165}},"metadata":{"timer_format_version":"0.1.0","start_time_seconds":"1767306609","unity_version":"6000.2.7f2","command_line_arguments":"C:\\Users\\adpaw\\projects\\unity\\pommerman-simple\\pommermanai-unity\\Builds\/build-5\/PommermanAi.exe -nographics -batchmode --mlagents-port 5005 -logFile C:\\Users\\adpaw\\projects\\unity\\pommerman-simple\\pommermanai-unity\\results\\Pommerman_New_IL_Opponent\\run_logs\\Player-0.log","communication_protocol_version":"1.5.0","com.unity.ml-agents_version":"4.0.0","scene_name":"SampleScene","end_time_seconds":"1767338801"}}