{"count":1,"self":570.7760128,"total":1412.1902519,"children":{"InitializeActuators":{"count":10986,"self":0.1145957,"total":0.1145957,"children":null},"InitializeSensors":{"count":10986,"self":0.25400239999999996,"total":0.25400239999999996,"children":null},"AgentSendState":{"count":692336,"self":20.4934864,"total":58.679285899999996,"children":{"CollectObservations":{"count":276936,"self":30.474176,"total":30.4741753,"children":null},"WriteActionMask":{"count":276936,"self":0.3564206,"total":0.3564206,"children":null},"RequestDecision":{"count":276936,"self":1.2076578999999998,"total":7.3552041,"children":{"AgentInfo.ToProto":{"count":138468,"self":0.9230777,"total":5.6781663999999994,"children":{"GenerateSensorData":{"count":138468,"self":4.089512,"total":4.7550887,"children":{"RayPerceptionSensor.Perceive":{"count":138468,"self":0.6655766,"total":0.6655766,"children":null}}}}},"RayPerceptionSensor.Perceive":{"count":138468,"self":0.46937979999999996,"total":0.46937979999999996,"children":null}}}}},"DecideAction":{"count":692336,"self":777.91953919999992,"total":777.9195598,"children":null},"AgentAct":{"count":692336,"self":4.1955719999999994,"total":4.1955722,"children":null},"RayPerceptionSensor.Perceive":{"count":6021,"self":0.031591,"total":0.031591,"children":null},"AgentInfo.ToProto":{"count":6021,"self":0.0444136,"total":0.2115223,"children":{"GenerateSensorData":{"count":6021,"self":0.1454503,"total":0.1671087,"children":{"RayPerceptionSensor.Perceive":{"count":6021,"self":0.021658399999999998,"total":0.021658399999999998,"children":null}}}}}},"gauges":{"PommermanOpp.CumulativeReward":{"count":1093,"max":0.287000418,"min":-0.0015,"runningAverage":0.109936088,"value":0.235000357,"weightedAverage":0.122320056},"PommermanBot.CumulativeReward":{"count":1093,"max":0.26450026,"min":-0.638000667,"runningAverage":-0.019929463,"value":0.117999829,"weightedAverage":0.08020935}},"metadata":{"timer_format_version":"0.1.0","start_time_seconds":"1767283004","unity_version":"6000.2.7f2","command_line_arguments":"C:\\Users\\adpaw\\projects\\unity\\pommerman-simple\\pommermanai-unity\\Builds\/build-2\/PommermanAi.exe -nographics -batchmode --mlagents-port 5005 -logFile C:\\Users\\adpaw\\projects\\unity\\pommerman-simple\\pommermanai-unity\\results\\Pommerman_New\\run_logs\\Player-0.log","communication_protocol_version":"1.5.0","com.unity.ml-agents_version":"4.0.0","scene_name":"SampleScene","end_time_seconds":"1767284416"}}