{
    "name": "root",
    "gauges": {
        "PommermanBot.Policy.Entropy.mean": {
            "value": 0.9476094245910645,
            "min": 0.9476094245910645,
            "max": 0.9476094245910645,
            "count": 1
        },
        "PommermanBot.Policy.Entropy.sum": {
            "value": 2072.421875,
            "min": 2072.421875,
            "max": 2072.421875,
            "count": 1
        },
        "PommermanBot.Step.mean": {
            "value": 1364938.0,
            "min": 1364938.0,
            "max": 1364938.0,
            "count": 1
        },
        "PommermanBot.Step.sum": {
            "value": 1364938.0,
            "min": 1364938.0,
            "max": 1364938.0,
            "count": 1
        },
        "PommermanBot.Policy.ExtrinsicValueEstimate.mean": {
            "value": 0.5563390254974365,
            "min": 0.5563390254974365,
            "max": 0.5563390254974365,
            "count": 1
        },
        "PommermanBot.Policy.ExtrinsicValueEstimate.sum": {
            "value": 5.00705099105835,
            "min": 5.00705099105835,
            "max": 5.00705099105835,
            "count": 1
        },
        "PommermanBot.Environment.EpisodeLength.mean": {
            "value": 545.75,
            "min": 545.75,
            "max": 545.75,
            "count": 1
        },
        "PommermanBot.Environment.EpisodeLength.sum": {
            "value": 2183.0,
            "min": 2183.0,
            "max": 2183.0,
            "count": 1
        },
        "PommermanBot.Environment.CumulativeReward.mean": {
            "value": -1.3673336130256455,
            "min": -1.3673336130256455,
            "max": -1.3673336130256455,
            "count": 1
        },
        "PommermanBot.Environment.CumulativeReward.sum": {
            "value": -4.102000839076936,
            "min": -4.102000839076936,
            "max": -4.102000839076936,
            "count": 1
        },
        "PommermanBot.Policy.ExtrinsicReward.mean": {
            "value": -1.3673336130256455,
            "min": -1.3673336130256455,
            "max": -1.3673336130256455,
            "count": 1
        },
        "PommermanBot.Policy.ExtrinsicReward.sum": {
            "value": -4.102000839076936,
            "min": -4.102000839076936,
            "max": -4.102000839076936,
            "count": 1
        },
        "PommermanBot.IsTraining.mean": {
            "value": 1.0,
            "min": 1.0,
            "max": 1.0,
            "count": 1
        },
        "PommermanBot.IsTraining.sum": {
            "value": 1.0,
            "min": 1.0,
            "max": 1.0,
            "count": 1
        }
    },
    "metadata": {
        "timer_format_version": "0.1.0",
        "start_time_seconds": "1767339136",
        "python_version": "3.9.25 (main, Nov  3 2025, 22:44:01) [MSC v.1929 64 bit (AMD64)]",
        "command_line_arguments": "C:\\Users\\adpaw\\miniconda3\\envs\\mlagents-env\\Scripts\\mlagents-learn pommerman_config.yaml --run-id=Pommerman_New_IL_Opponent --time-scale=1.0 --resume",
        "mlagents_version": "0.30.0",
        "mlagents_envs_version": "0.30.0",
        "communication_protocol_version": "1.5.0",
        "pytorch_version": "1.13.1+cpu",
        "numpy_version": "1.21.2",
        "end_time_seconds": "1767339251"
    },
    "total": 114.9292852,
    "count": 1,
    "self": 0.01005209999999579,
    "children": {
        "run_training.setup": {
            "total": 0.11320909999999973,
            "count": 1,
            "self": 0.11320909999999973
        },
        "TrainerController.start_learning": {
            "total": 114.806024,
            "count": 1,
            "self": 0.1292373000000282,
            "children": {
                "TrainerController._reset_env": {
                    "total": 37.1446891,
                    "count": 1,
                    "self": 37.1446891
                },
                "TrainerController.advance": {
                    "total": 77.19874319999995,
                    "count": 2925,
                    "self": 0.05537039999946103,
                    "children": {
                        "env_step": {
                            "total": 77.14337280000049,
                            "count": 2925,
                            "self": 72.17587319999912,
                            "children": {
                                "SubprocessEnvManager._take_step": {
                                    "total": 4.9116379000008905,
                                    "count": 2925,
                                    "self": 0.24263090000086152,
                                    "children": {
                                        "TorchPolicy.evaluate": {
                                            "total": 4.669007000000029,
                                            "count": 2920,
                                            "self": 4.669007000000029
                                        }
                                    }
                                },
                                "workers": {
                                    "total": 0.055861700000484404,
                                    "count": 2924,
                                    "self": 0.0,
                                    "children": {
                                        "worker_root": {
                                            "total": 77.25756719999976,
                                            "count": 2924,
                                            "is_parallel": true,
                                            "self": 9.46433249999967,
                                            "children": {
                                                "steps_from_proto": {
                                                    "total": 0.0007233000000042011,
                                                    "count": 1,
                                                    "is_parallel": true,
                                                    "self": 0.00029780000000556583,
                                                    "children": {
                                                        "_process_rank_one_or_two_observation": {
                                                            "total": 0.0004254999999986353,
                                                            "count": 4,
                                                            "is_parallel": true,
                                                            "self": 0.0004254999999986353
                                                        }
                                                    }
                                                },
                                                "UnityEnvironment.step": {
                                                    "total": 67.79251140000008,
                                                    "count": 2924,
                                                    "is_parallel": true,
                                                    "self": 0.4137032999999235,
                                                    "children": {
                                                        "UnityEnvironment._generate_step_input": {
                                                            "total": 0.3136461999998943,
                                                            "count": 2924,
                                                            "is_parallel": true,
                                                            "self": 0.3136461999998943
                                                        },
                                                        "communicator.exchange": {
                                                            "total": 65.49230660000003,
                                                            "count": 2924,
                                                            "is_parallel": true,