{"count":1,"self":3832.2110463999998,"total":26415.1566144,"children":{"InitializeActuators":{"count":21714,"self":0.1618928,"total":0.1618928,"children":null},"InitializeSensors":{"count":21714,"self":0.3411398,"total":0.3411398,"children":null},"AgentSendState":{"count":4761980,"self":507.31366399999996,"total":2609.5849806,"children":{"CollectObservations":{"count":9523960,"self":1897.9674112,"total":1897.9674851999998,"children":null},"WriteActionMask":{"count":9523960,"self":10.9788208,"total":10.9788204,"children":null},"RequestDecision":{"count":9523960,"self":22.9669264,"total":193.324987,"children":{"AgentInfo.ToProto":{"count":4761980,"self":25.4891184,"total":170.3580611,"children":{"GenerateSensorData":{"count":4761980,"self":124.91319039999999,"total":144.8689427,"children":{"RayPerceptionSensor.Perceive":{"count":4761980,"self":19.955753599999998,"total":19.9557534,"children":null}}}}}}}}},"DecideAction":{"count":4761980,"self":19838.7859456,"total":19943.318381999998,"children":{"RayPerceptionSensor.Perceive":{"count":4761980,"self":104.53276799999999,"total":104.53276629999999,"children":null}}},"AgentAct":{"count":4761980,"self":28.8376672,"total":28.8376678,"children":null},"AgentInfo.ToProto":{"count":18115,"self":0.10883069999999999,"total":0.6983952,"children":{"GenerateSensorData":{"count":18115,"self":0.50252089999999994,"total":0.58956449999999994,"children":{"RayPerceptionSensor.Perceive":{"count":18115,"self":0.0870436,"total":0.0870436,"children":null}}}}}},"gauges":{"PommermanBot.CumulativeReward":{"count":17399,"max":18.5699959,"min":-6.705023,"runningAverage":-0.6010801,"value":-1.94,"weightedAverage":-1.34912682}},"metadata":{"timer_format_version":"0.1.0","start_time_seconds":"1767568651","unity_version":"6000.2.7f2","command_line_arguments":"C:\\Users\\adpaw\\projects\\unity\\pommerman-simple\\pommermanai-unity\\Builds\/build-10-selfPlay\/PommermanAi.exe -nographics -batchmode --mlagents-port 5005 -logFile C:\\Users\\adpaw\\projects\\unity\\pommerman-simple\\pommermanai-unity\\results\\Pommerman_New_IL2_2ndIL_Inference2_NewObs_SelfPlay\\run_logs\\Player-0.log","communication_protocol_version":"1.5.0","com.unity.ml-agents_version":"4.0.0","scene_name":"SampleScene","end_time_seconds":"1767595066"}}